Expert,Mean,Std
Exp0,0.284886,0.110329
Exp1,0.248995,0.089678
Exp2,0.218777,0.02662
Exp3,0.247342,0.090024
