Expert,Mean,Std
Exp0,0.293609,0.055504
Exp1,0.240613,0.025455
Exp2,0.22269,0.059045
Exp3,0.243087,0.047906
