Expert,Mean,Std
Exp0,0.300664,0.18617
Exp1,0.150211,0.109487
Exp2,0.306326,0.202717
Exp3,0.242799,0.154949
