Expert,Mean,Std
Exp0,0.210725,0.167524
Exp1,0.233284,0.132312
Exp2,0.148408,0.155822
Exp3,0.407583,0.109485
