Expert,Mean,Std
Exp0,0.295349,0.27169
Exp1,0.246285,0.14448
Exp2,0.135015,0.113796
Exp3,0.323351,0.177708
