Expert,Mean,Std
Exp0,0.266362,0.11456
Exp1,0.27749,0.189511
Exp2,0.384689,0.166247
Exp3,0.071458,0.013304
