Expert,Mean,Std
Exp0,0.221548,0.137036
Exp1,0.282275,0.133361
Exp2,0.25653,0.164828
Exp3,0.239647,0.155384
