Expert,Mean,Std
Exp0,0.231848,0.042647
Exp1,0.258797,0.087189
Exp2,0.265454,0.082231
Exp3,0.243901,0.042216
