Expert,Mean,Std
Exp0,0.220871,0.051099
Exp1,0.240824,0.119159
Exp2,0.238015,0.083658
Exp3,0.300289,0.143028
