Expert,Mean,Std
Exp0,0.334627,0.108172
Exp1,0.25415,0.076449
Exp2,0.209584,0.04123
Exp3,0.20164,0.025759
