Expert,Mean,Std
Exp0,0.340757,0.267239
Exp1,0.144339,0.15853
Exp2,0.216592,0.170846
Exp3,0.298312,0.297718
